{
  "regression": {
    "Linear Regression": {
      "MAE": 240.38409845339373,
      "MSE": 143416.1318990292,
      "RMSE": 378.7032240409754,
      "R2": 0.9358529678864886
    },
    "Decision Tree": {
      "MAE": 106.7794569354257,
      "MSE": 110453.34971685775,
      "RMSE": 332.3452267099044,
      "R2": 0.9505965299892449
    },
    "Random Forest": {
      "MAE": 96.68779617557908,
      "MSE": 70223.72907050527,
      "RMSE": 264.9976020089715,
      "R2": 0.9685903967415069
    },
    "Gradient Boosting": {
      "MAE": 68.777874422739,
      "MSE": 32285.229701334552,
      "RMSE": 179.68091078724683,
      "R2": 0.9855594929313694
    },
    "XGBoost": {
      "MAE": 64.20287119844224,
      "MSE": 28304.32878079856,
      "RMSE": 168.23890388610644,
      "R2": 0.987340066537762
    }
  },
  "classification": {
    "Logistic Regression": {
      "Accuracy": 0.9861111111111112,
      "Precision": 0.9506172839506173,
      "Recall": 0.9871794871794872,
      "F1": 0.9685534591194969
    },
    "Decision Tree Classifier": {
      "Accuracy": 0.9888888888888889,
      "Precision": 0.9743589743589743,
      "Recall": 0.9743589743589743,
      "F1": 0.9743589743589743
    },
    "Random Forest Classifier": {
      "Accuracy": 0.9916666666666667,
      "Precision": 0.987012987012987,
      "Recall": 0.9743589743589743,
      "F1": 0.9806451612903225
    }
  },
  "best_regression_model": "XGBoost",
  "best_classification_model": "Random Forest Classifier",
  "features": [
    "Quantity",
    "UnitPrice",
    "Month",
    "Year",
    "Quarter",
    "IsWeekend",
    "Weekday",
    "Product_enc",
    "ProductCategory_enc",
    "PaymentMethod_enc",
    "ReviewRating",
    "PurchaseFrequency",
    "AverageOrderValue"
  ],
  "threshold_high_value": 2795.2999999999997
}